Rank,FAA Region,ADO,ST,Locid,Airport Name,City,Service Level,Hub,2004-2014 Percentage,2004-2014 (lbs),2014 (lbs),2013 (lbs),2012 (lbs),2011 (lbs),2010 (lbs),2009 (lbs),2008 (lbs),2007 (lbs),2006 (lbs),2005 (lbs),2004 (lbs)
1,SO,MEM,TN,MEM,Memphis International,Memphis,P,M,14%,"179,733,424,375","22,774,592,279","21,891,425,638","20,983,699,672","20,303,149,106","19,544,635,833","18,928,729,202","  19,500,093,674","  19,543,815,307","18,849,280,923","18,686,994,805","17,770,916,917"
2,AL,AAL,AK,ANC,Ted Stevens Anchorage International,Anchorage,P,M,13%,"162,727,555,999","15,867,941,046","15,982,410,652","16,522,948,234","17,774,071,223","19,463,543,790","15,524,360,013","  17,951,597,580","  21,124,325,138","21,175,636,186","20,727,877,604","19,688,767,251"
3,SO,MEM,KY,SDF,Louisville International-Standiford Field,Louisville,P,S,7%,"93,814,594,530","11,568,369,154","11,264,596,650","11,096,369,031","10,981,281,067","10,637,700,120","10,278,035,711","  10,445,498,827","  10,431,225,402","10,029,513,073","9,182,114,119","8,776,615,605"
5,SO,ORL,FL,MIA,Miami International,Miami,P,L,5%,"62,209,338,836","7,192,790,882","6,847,177,300","7,147,983,325","6,634,448,852","6,905,291,871","6,352,786,009","  6,988,513,672","  7,430,213,907","7,181,475,239","7,100,687,646","6,846,697,712"
4,GL,CHI,IL,ORD,Chicago O'Hare International,Chicago,P,L,4%,"45,682,918,168","7,541,411,779","6,864,249,348","4,555,097,891","4,368,420,500","4,895,940,100","3,499,701,350","  4,206,916,900","  4,401,472,100","4,415,852,850","4,824,115,650","4,718,128,700"
6,GL,CHI,IN,IND,Indianapolis International,Indianapolis,P,M,4%,"44,641,105,183","5,355,984,715","5,268,916,355","4,940,121,920","4,813,314,835","4,717,295,655","4,575,418,342","  5,128,484,161","  5,304,551,447","5,253,022,547","5,089,384,528","4,627,646,286"
7,WP,LAX,CA,LAX,Los Angeles International,Los Angeles,P,L,3%,"43,699,497,382","4,297,359,912","4,199,375,809","4,204,996,790","4,043,122,100","3,954,810,091","3,768,864,700","  5,751,595,501","  6,861,236,224","7,253,305,000","5,853,276,500","6,124,386,480"
9,EA,NYC,NY,JFK,John F Kennedy International,New York,P,L,3%,"37,737,600,836","3,170,996,874","3,372,770,377","3,494,647,375","3,944,502,109","3,923,400,051","3,181,559,852","  4,444,315,500","  5,113,997,320","5,230,679,818","5,622,506,380","5,796,538,000"
10,SW,TEX,TX,DFW,Dallas/Fort Worth International,Fort Worth,P,L,2%,"27,876,262,368","3,140,733,270","3,062,528,160","3,087,615,175","3,064,264,844","3,031,597,346","2,872,971,976","  3,228,104,260","  3,506,730,222","3,444,283,437","3,310,319,217","2,861,948,943"
12,EA,NYC,NJ,EWR,Newark Liberty International,Newark,P,L,2%,"27,847,058,810","2,499,283,148","2,533,226,761","2,854,009,886","3,049,215,532","2,978,995,667","2,928,640,538","  3,453,120,325","  3,746,803,900","3,733,892,989","3,740,721,280","3,529,073,009"
11,WP,SFO,CA,OAK,Metropolitan Oakland International,Oakland,P,M,2%,"26,930,232,693","2,954,355,995","2,723,772,301","2,646,418,994","2,679,671,476","2,648,094,390","2,681,144,418","  3,484,046,450","  3,622,968,767","3,596,006,754","3,594,982,705","3,405,785,660"
13,WP,LAX,CA,ONT,Ontario International,Ontario,P,M,2%,"22,126,491,691","2,360,845,923","2,371,732,316","2,361,837,263","2,313,849,963","2,241,182,912","2,336,057,158","  2,699,776,864","  2,788,665,658","2,801,537,034","2,687,742,160","2,651,706,962"
14,SO,ATL,GA,ATL,Hartsfield - Jackson Atlanta International,Atlanta,P,L,2%,"21,028,609,790","2,262,892,910","2,187,228,002","2,027,932,736","2,655,614,700","2,628,040,410","2,555,242,350","  2,334,922,810","  2,522,600,500","2,359,704,572","2,027,135,114","2,324,818,996"
8,SO,MEM,KY,CVG,Cincinnati/Northern Kentucky International,Greater Cincinnati International Airport,P,M,2%,"20,742,201,273","3,644,404,568","3,422,731,214","3,188,275,844","2,819,377,048","2,431,870,514","1,127,694,335","  207,350,722","  194,138,700","200,957,285","1,624,594,415","2,282,296,050"
16,EA,HAR,PA,PHL,Philadelphia International,Philadelphia,P,L,2%,"20,165,465,289","1,927,756,545","1,884,230,897","1,883,576,381","1,949,469,667","1,987,519,867","2,263,373,275","  2,527,521,975","  2,750,821,409","2,725,049,647","2,801,700,462","2,742,788,548"
15,WP,HNL,HI,HNL,Honolulu International,Honolulu,P,L,1%,"18,113,859,888","2,189,120,700","2,116,335,200","1,976,862,300","2,113,941,200","2,123,084,700","2,041,210,900","  2,064,028,654","  2,267,349,192","1,957,803,288","1,655,848,500","1,939,653,100"
17,SW,TEX,TX,IAH,George Bush Intercontinental/Houston,Houston,P,L,1%,"13,931,113,850","1,734,461,801","1,704,234,283","1,575,814,863","1,616,771,558","1,526,026,442","1,567,763,301","  1,508,589,067","  1,538,313,681","1,392,447,797","1,419,506,530","1,394,087,275"
18,NM,SEA,WA,SEA,Seattle-Tacoma International,Seattle,P,L,1%,"12,505,846,592","1,574,603,394","1,386,358,331","1,290,550,381","1,357,043,620","1,394,058,765","1,606,699,377","  1,493,544,435","  1,382,526,673","1,417,257,003","1,417,256,461","1,062,019,260"
21,WP,SFO,CA,SFO,San Francisco International,San Francisco International Airport,P,L,1%,"12,407,127,318","1,245,416,930","1,191,012,764","1,197,193,176","1,243,832,338","1,304,432,000","1,494,163,650","  1,549,361,900","  2,077,838,550","1,658,043,650","1,593,458,550","1,479,574,260"
19,WP,PHX,AZ,PHX,Phoenix Sky Harbor International,Phoenix,P,L,1%,"12,398,163,922","1,436,921,968","1,375,903,366","1,300,826,546","1,239,062,238","1,213,458,732","1,220,692,246","  1,350,082,904","  1,422,404,414","1,452,498,650","1,556,032,326","1,602,767,850"
20,NM,DEN,CO,DEN,Denver International,Denver,P,L,1%,"11,948,991,228","1,314,752,910","1,259,729,786","1,204,617,700","1,209,106,208","1,237,718,352","1,248,170,052","  1,249,801,900","  1,284,267,268","1,422,797,170","1,525,921,744","1,526,177,306"
22,NM,SEA,OR,PDX,Portland International,Portland,P,L,1%,"11,101,370,602","1,126,448,683","1,137,027,109","1,161,531,992","1,134,697,344","1,062,285,290","1,089,318,211","  1,312,346,006","  1,425,284,168","1,460,999,130","1,493,307,208","1,435,755,635"
23,GL,DMA,MN,MSP,Minneapolis-St Paul International/Wold-Chamberlain,Minneapolis,P,L,1%,"9,522,871,216","972,664,080","732,663,072","875,841,084","968,650,986","1,024,128,613","948,064,510","  1,123,477,820","  1,223,365,927","1,240,005,584","1,404,626,437","1,356,226,850"
28,GL,CHI,IL,RFD,Chicago/Rockford International,Rockford,P,N,1%,"9,476,147,022","788,773,800","792,674,210","822,206,730","888,721,860","917,260,300","1,128,804,190","  1,419,957,532","  1,474,574,465","1,391,634,140","1,392,559,040","1,353,512,752"
24,NM,DEN,UT,SLC,Salt Lake City International,Salt Lake City,P,L,1%,"8,892,497,497","962,293,488","934,455,550","876,163,077","856,301,628","848,125,292","898,534,081","  1,042,505,101","  1,070,964,110","1,095,714,195","1,179,140,489","1,241,769,697"
26,SO,ATL,PR,SJU,Luis Munoz Marin International,San Juan,P,M,1%,"8,749,143,048","850,270,758","847,031,376","849,842,262","867,078,992","882,936,872","1,086,774,488","  862,034,200","  1,044,179,900","1,211,392,900","1,249,975,700","903,839,700"
25,NE,ANE,MA,BOS,General Edward Lawrence Logan International,Boston,P,L,1%,"8,439,401,682","910,283,225","866,698,830","780,913,850","806,845,332","817,235,460","835,954,035","  984,258,400","  1,059,947,900","1,100,485,850","1,148,881,400","1,172,103,700"
30,SO,ORL,FL,MCO,Orlando International,Orlando,P,L,1%,"7,843,248,000","756,120,798","698,556,765","725,505,195","805,685,900","796,032,605","782,467,887","  850,924,152","  966,199,390","962,716,820","1,155,649,650","1,160,512,380"
27,NM,SEA,WA,BFI,Boeing Field/King County International,Seattle,P,N,1%,"7,620,842,170","815,258,980","759,444,826","791,928,576","909,809,432","906,716,494","894,664,512","  835,114,481","  805,503,706","784,084,940","866,798,960","892,135,450"
29,NE,ANE,CT,BDL,Bradley International,Windsor Locks,P,M,1%,"7,340,764,624","783,504,420","773,858,840","728,576,156","750,158,976","730,317,638","763,441,994","  865,786,122","  918,575,800","953,073,900","967,385,010","890,447,690"
34,SW,TEX,TX,AFW,Fort Worth Alliance,Fort Worth,R,-,1%,"7,174,138,457","667,945,474","636,920,725","634,122,590","898,583,721","700,934,744","597,945,014","  898,471,054","  1,113,496,882","1,288,235,456","1,002,009,883","747,440,850"
31,SW,TEX,TX,SAT,San Antonio International,San Antonio,P,M,1%,"6,681,492,600","746,704,930","737,330,634","809,391,614","748,533,304","674,796,388","671,660,636","  823,130,548","  814,677,618","795,980,856","761,188,750","735,905,488"
32,GL,DET,OH,LCK,Rickenbacker International,Columbus,P,N,1%,"6,311,439,856","734,846,781","695,589,751","694,785,131","653,902,306","683,430,047","646,330,758","  730,520,067","  814,028,898","856,600,678","751,874,024","594,080,380"
33,GL,DET,MI,DTW,Detroit Metropolitan Wayne County,Detroit,P,L,0%,"6,007,327,650","674,728,030","682,197,220","666,139,040","602,804,150","552,232,440","584,958,610","  707,516,080","  795,592,101","789,545,530","757,250,080","697,472,550"
36,WP,LAX,CA,SAN,San Diego International,San Diego,P,L,0%,"5,978,491,518","586,689,250","678,012,288","682,919,800","650,313,950","630,150,500","637,289,000","  666,907,600","  691,895,850","731,032,300","741,194,830","640,889,600"
107,GL,DET,OH,TOL,Toledo Express,Toledo,P,N,0%,"5,774,165,360","122,077,000","129,470,000","122,024,000","650,714,500","894,480,320","946,071,300","  940,893,800","  942,836,600","919,023,400","985,860,120","1,004,444,720"
35,SO,ATL,PR,BQN,Rafael Hernandez,Aguadilla,P,N,0%,"5,606,343,860","660,524,330","716,596,030","822,224,300","666,221,700","514,800,900","509,888,900","  643,473,100","  621,002,600","594,486,200","572,613,000","548,988,500"
37,SW,LANM,NM,ABQ,Albuquerque International Sunport,Albuquerque,P,M,0%,"5,405,173,844","569,465,958","567,236,072","568,151,446","593,136,032","598,981,698","579,793,842","  629,630,968","  677,554,390","656,929,174","648,927,044","622,552,578"
41,CE,ACE,MO,MCI,Kansas City International,Kansas City,P,M,0%,"5,387,276,955","497,633,875","487,687,191","427,136,299","423,890,310","431,918,705","455,152,003","  588,239,556","  682,719,416","795,411,802","925,314,740","943,132,030"
38,SO,MEM,NC,GSO,Piedmont Triad International,Greensboro,P,S,0%,"5,088,288,805","535,652,851","605,622,410","605,933,879","608,006,690","611,844,976","558,148,546","  463,403,755","  457,353,868","531,170,660","500,225,543","531,683,250"
40,SO,ORL,FL,FLL,Fort Lauderdale/Hollywood International,Fort Lauderdale,P,L,0%,"5,049,277,084","508,118,870","446,326,310","447,296,904","425,869,500","475,869,850","501,250,900","  671,912,450","  756,701,200","766,636,900","743,553,600","734,354,250"
57,SO,ATL,SC,CAE,Columbia Metropolitan,Columbia,P,S,0%,"4,976,447,445","394,282,025","392,031,775","382,387,080","382,558,255","399,225,270","564,044,465","  862,796,804","  812,902,185","792,976,600","784,601,525","884,340,450"
42,SW,TEX,TX,ELP,El Paso International,El Paso,P,S,0%,"4,573,905,042","497,118,706","480,568,188","554,800,910","533,568,718","528,987,300","391,440,080","  447,841,040","  570,337,420","520,893,380","569,703,600","496,824,160"
47,CE,ACE,IA,DSM,Des Moines International,Des Moines,P,S,0%,"4,571,902,366","451,745,058","416,594,704","431,642,440","425,198,660","434,435,240","479,544,464","  595,442,570","  628,569,065","670,134,540","639,477,900","623,129,360"
39,GL,CHI,WI,MKE,General Mitchell International,Milwaukee,P,M,0%,"4,533,443,798","510,090,425","485,371,020","443,125,815","490,424,335","495,159,556","374,141,030","  558,444,780","  537,089,612","566,492,132","589,583,355","579,056,130"
44,EA,WAS,VA,IAD,Washington Dulles International,Dulles,P,L,0%,"4,530,076,605","479,925,622","477,671,020","465,711,225","446,608,904","450,313,574","429,940,540","  569,865,570","  579,628,650","560,376,870","609,997,900","609,530,950"
50,SW,TEX,TX,AUS,Austin-Bergstrom International,Austin,P,M,0%,"4,505,818,326","438,339,730","442,476,680","420,478,700","416,029,448","398,073,978","398,927,244","  591,466,066","  560,791,544","577,157,294","682,649,950","731,685,302"
43,EA,WAS,MD,BWI,Baltimore/Washington International Thurgood Marshall,Glen Burnie,P,L,0%,"4,455,077,853","487,553,717","493,739,798","488,944,549","484,628,795","471,224,991","469,422,716","  456,081,500","  521,672,900","532,861,617","514,993,500","511,708,170"
45,NE,ANE,NH,MHT,Manchester,Manchester,P,S,0%,"4,443,793,773","468,002,490","513,146,264","519,955,298","521,869,666","498,115,038","332,513,850","  453,696,450","  555,135,825","540,550,167","527,266,100","522,374,900"
63,SO,MEM,NC,CLT,Charlotte/Douglas International,Charlotte,P,L,0%,"4,419,895,108","360,077,450","353,447,052","349,852,877","397,863,057","404,452,776","391,159,184","  472,818,113","  559,398,179","615,245,175","782,917,680","764,879,857"
120,GL,DET,OH,DAY,James M Cox Dayton International,Dayton,P,S,0%,"4,235,939,870","52,086,800","51,970,800","44,414,000","43,372,800","43,166,000","44,671,200","  52,897,800","  52,155,800","805,704,720","1,577,153,540","1,573,400,010"
54,NM,SEA,WA,GEG,Spokane International,Spokane,P,S,0%,"4,159,592,760","402,626,480","454,596,154","440,807,059","434,215,608","439,748,238","437,429,452","  503,414,036","  506,670,239","513,028,506","537,981,747","499,159,516"
49,SO,MEM,NC,RDU,Raleigh-Durham International,Raleigh,P,M,0%,"4,137,901,991","439,980,600","409,473,228","381,945,455","430,409,120","460,397,905","436,497,214","  495,151,968","  506,066,337","534,875,559","495,393,120","548,929,790"
60,CE,ACE,MO,STL,Lambert-St Louis International,St. Louis,P,M,0%,"4,011,020,404","381,204,028","427,242,038","349,771,888","384,332,870","371,026,650","446,728,100","  426,255,110","  431,694,560","453,983,850","594,657,530","602,073,450"
53,EA,HAR,PA,PIT,Pittsburgh International,Pittsburgh,P,M,0%,"3,832,780,860","405,850,757","398,016,924","394,796,125","411,883,369","420,863,410","395,448,025","  490,738,810","  492,243,902","466,070,100","472,731,350","467,120,800"
59,CE,ACE,NE,OMA,Eppley Airfield,Omaha,P,M,0%,"3,743,719,610","389,625,264","404,721,388","397,289,290","393,907,878","404,708,486","408,167,724","  449,659,628","  452,805,360","436,299,370","452,189,810","456,810,400"
55,SO,ORL,FL,JAX,Jacksonville International,Jacksonville,P,M,0%,"3,743,181,828","395,653,090","391,735,430","389,055,455","395,157,580","407,762,063","422,632,970","  485,351,630","  503,773,212","496,433,020","446,548,270","398,203,950"
58,WP,PHX,NV,LAS,McCarran International,Las Vegas,P,L,0%,"3,712,612,216","392,745,700","383,879,000","370,201,060","347,384,144","353,579,818","400,011,324","  476,156,486","  479,913,880","500,771,850","516,612,120","447,427,200"
62,WP,SFO,CA,MHR,Sacramento Mather,Sacramento,R,-,0%,"3,648,858,430","361,191,250","353,602,800","340,341,670","167,816,620","294,615,410","597,268,840","  597,268,840","  637,912,300","514,635,360","516,160,480","503,226,000"
46,WP,PHX,NV,RNO,Reno/Tahoe International,Reno,P,S,0%,"3,624,157,930","467,324,320","428,698,250","437,385,520","371,917,840","350,867,572","335,243,304","  468,044,360","  492,445,610","455,318,870","401,485,004","375,917,250"
48,SW,TEX,TX,LRD,Laredo International,Laredo,P,N,0%,"3,542,339,570","441,535,408","392,958,665","463,830,112","454,741,030","424,942,460","266,686,784","  285,788,862","  339,520,576","357,353,428","375,049,058","365,242,625"
61,GL,DET,OH,CLE,Cleveland-Hopkins International,Cleveland,P,M,0%,"3,509,071,941","370,335,804","362,282,830","356,619,999","369,077,012","380,855,675","373,652,671","  376,314,190","  394,509,324","426,270,050","435,345,600","434,632,300"
51,SO,JAN,AL,HSV,Huntsville International-Carl T Jones Field,Huntsville,P,S,0%,"3,501,235,537","411,062,041","397,102,094","437,129,815","445,198,179","334,431,032","305,771,057","  380,384,289","  394,884,639","370,128,741","386,621,292","413,791,286"
87,GL,CHI,IN,FWA,Fort Wayne International,Fort Wayne,P,N,0%,"3,424,378,167","210,749,949","218,956,058","178,188,095","169,772,460","170,959,305","168,328,500","  179,571,500","  497,610,000","846,665,720","696,768,220","763,989,860"
52,EA,WAS,VA,RIC,Richmond International,Highland Springs,P,S,0%,"3,423,863,246","408,252,520","396,917,732","367,949,054","353,951,091","340,193,701","336,306,324","  397,749,010","  389,644,344","387,400,488","404,237,494","428,654,842"
81,WP,SFO,CA,SJC,Norman Y Mineta San Jose International,San Jose,P,M,0%,"3,265,451,209","244,687,656","245,152,668","256,343,848","302,463,179","311,053,456","372,125,502","  467,260,490","  505,371,000","492,647,350","488,973,000","552,004,550"
70,SO,MEM,TN,BNA,Nashville International,Nashville,P,M,0%,"3,222,659,470","298,160,483","296,237,996","233,138,746","261,516,890","243,700,794","355,766,290","  469,983,650","  522,386,750","503,962,136","515,898,534","514,277,601"
77,EA,NYC,NY,ROC,Greater Rochester International,Rochester,P,S,0%,"3,199,575,934","270,745,982","294,522,396","262,333,112","257,003,250","266,087,620","284,465,124","  301,560,202","  336,584,700","454,611,200","544,900,950","564,906,300"
56,SO,ORL,FL,TPA,Tampa International,Tampa,P,L,0%,"3,150,624,662","395,335,682","374,054,404","311,542,418","314,706,228","317,256,930","318,581,850","  474,970,090","  478,840,685","442,048,400","353,372,300","323,726,450"
71,SW,LANM,LA,MSY,Louis Armstrong New Orleans International,Metairie,P,M,0%,"3,068,296,604","296,971,410","295,001,650","302,322,482","322,031,610","345,072,218","349,076,170","  332,782,310","  337,520,950","361,987,110","388,512,208","407,321,746"
65,NM,HLN,ID,BOI,Boise Air Terminal/Gowen Field,Boise,P,S,0%,"3,027,492,144","343,847,570","328,429,116","320,765,768","323,331,158","319,913,154","322,630,928","  373,367,574","  366,729,990","358,056,250","349,419,050","361,099,150"
64,GL,DMA,SD,FSD,Joe Foss Field,Sioux Falls,P,S,0%,"3,011,274,312","351,194,964","338,039,460","144,740,556","344,151,020","332,064,465","323,082,733","  346,645,084","  378,464,616","385,398,417","388,645,497","403,957,200"
68,EA,NYC,NY,SYR,Syracuse Hancock International,Syracuse,P,S,0%,"3,001,179,765","326,187,092","325,436,076","316,701,004","316,555,312","314,922,206","310,842,625","  368,527,518","  381,292,117","339,882,750","373,569,800","377,082,900"
76,EA,HAR,PA,MDT,Harrisburg International,Harrisburg,P,S,0%,"2,976,888,223","273,774,216","373,049,716","338,674,680","346,440,829","344,471,810","292,286,342","  267,484,656","  287,196,350","334,368,650","350,707,030","323,114,950"
69,SW,AROK,OK,TUL,Tulsa International,Tulsa,P,S,0%,"2,896,267,573","311,962,782","318,936,273","316,965,734","329,702,899","320,815,994","327,976,263","  350,286,342","  334,508,456","314,404,450","323,687,270","331,815,908"
74,SO,MEM,TN,TYS,McGhee Tyson,Alcoa,P,S,0%,"2,689,372,119","284,412,678","303,944,266","314,786,497","311,632,296","313,249,118","307,780,530","  344,331,198","  319,503,795","301,061,338","288,618,976","263,886,420"
109,AL,AAL,AK,FAI,Fairbanks International,Fairbanks,P,S,0%,"2,680,631,692","119,372,978","122,505,081","133,641,827","121,194,017","209,958,360","169,047,135","  189,669,777","  182,209,686","291,772,317","693,317,147","819,822,830"
72,EA,NYC,NY,BUF,Buffalo Niagara International,Buffalo,P,M,0%,"2,650,057,780","294,675,727","291,327,803","293,481,759","292,277,342","278,700,319","249,522,780","  280,655,165","  327,760,127","316,911,900","314,316,950","318,843,200"
73,WP,SFO,CA,SMF,Sacramento International,Sacramento,P,M,0%,"2,483,553,130","287,806,700","291,228,750","287,776,900","278,496,500","270,440,150","275,226,170","  319,245,420","  360,832,040","306,934,140","241,454,520","244,189,300"
84,SW,LANM,LA,SHV,Shreveport Regional,Shreveport,P,N,0%,"2,425,382,801","224,776,958","231,059,308","265,142,597","293,439,650","295,928,554","251,633,408","  307,101,208","  288,944,960","267,515,355","293,380,031","302,506,940"
79,WP,HNL,HI,OGG,Kahului,Kahului,P,M,0%,"2,288,708,300","249,422,700","240,186,200","227,655,400","224,208,300","220,923,100","212,283,400","  211,779,600","  297,824,600","289,761,200","290,591,900","333,676,100"
92,GL,DET,MI,YIP,Willow Run,Detroit,R,-,0%,"2,277,477,386","194,188,703","162,380,193","217,158,227","246,739,675","188,203,708","111,332,940","  150,504,984","  294,864,273","316,624,235","341,129,830","499,719,875"
80,SW,TEX,TX,HRL,Valley International,Harlingen,P,N,0%,"2,261,292,814","246,377,050","241,949,350","233,875,928","238,983,292","254,442,688","260,550,906","  289,338,650","  264,530,588","248,888,700","276,020,250","260,204,650"
66,SW,TEX,TX,LBB,Lubbock Preston Smith International,Lubbock,P,S,0%,"2,162,016,783","334,883,620","333,349,705","222,178,375","215,800,858","267,360,643","239,918,312","  243,087,132","  226,363,146","191,344,436","178,827,162","178,353,672"
83,GL,DET,MI,GRR,Gerald R Ford International,Grand Rapids,P,S,0%,"2,087,249,866","238,096,695","243,094,596","225,234,407","225,055,476","218,522,107","217,884,405","  297,995,700","  263,132,500","244,454,910","243,363,550","231,543,720"
86,CE,ACE,KS,ICT,Wichita Dwight D Eisenhower National,Wichita,P,S,0%,"2,053,244,687","211,328,367","203,516,039","200,885,237","201,123,121","199,534,048","206,151,375","  232,116,838","  225,144,760","243,275,800","284,985,700","302,445,000"
75,CE,ACE,IA,CID,The Eastern Iowa,Cedar Rapids,P,S,0%,"2,037,961,526","280,038,467","214,746,641","250,941,541","210,618,182","206,621,220","247,268,375","  238,581,517","  221,766,739","211,334,500","204,822,000","211,570,600"
88,WP,HNL,HI,KOA,Kona International at Keahole,Kailua Kona,P,S,0%,"2,020,463,900","207,349,100","199,673,200","186,493,900","205,869,200","199,377,000","189,439,500","  201,817,300","  257,998,900","276,712,100","273,795,800","281,754,100"
85,SW,AROK,OK,OKC,Will Rogers World,Oklahoma City,P,S,0%,"1,999,465,742","219,221,158","214,950,023","213,332,230","214,256,751","214,159,347","247,354,040","  241,852,314","  221,775,650","222,340,584","229,011,950","224,839,659"
91,EA,WAS,VA,ORF,Norfolk International,Norfolk,P,S,0%,"1,949,203,391","197,539,516","210,261,650","221,979,542","214,371,550","214,872,076","198,978,355","  206,069,300","  217,530,600","217,739,045","235,580,740","237,880,917"
90,CE,ACE,MO,SGF,Springfield-Branson National,Springfield,P,N,0%,"1,891,243,910","197,790,480","208,638,520","202,800,100","189,744,897","191,604,087","226,171,154","  326,850,691","  326,548,556","282,527,520","191,180,217","200,786,935"
96,WP,HNL,HI,ITO,Hilo International,Hilo,P,S,0%,"1,818,940,484","172,094,600","212,473,400","191,085,000","207,131,700","197,741,500","177,594,000","  233,932,534","  252,403,780","231,917,684","212,958,300","215,944,300"
89,GL,CHI,IL,PIA,General Downing - Peoria International,Peoria,P,N,0%,"1,800,014,711","206,958,840","200,321,300","195,210,820","149,632,080","183,258,309","229,890,380","  180,487,650","  206,699,320","206,741,740","207,573,048","220,428,194"
104,SO,ORL,FL,PIE,St Pete-Clearwater International,Clearwater,P,S,0%,"1,726,481,820","135,988,000","134,529,920","128,665,280","132,834,800","129,147,300","200,070,780","  267,617,940","  294,457,220","325,529,740","291,359,500","248,356,500"
99,SO,ATL,GA,ABY,Southwest Georgia Regional,Albany,P,N,0%,"1,711,783,810","161,221,000","162,212,500","158,453,000","164,235,650","166,536,600","219,205,000","  254,274,800","  255,367,200","257,886,600","219,025,960","203,007,500"
94,NM,HLN,MT,GTF,Great Falls International,Great Falls,P,N,0%,"1,603,924,755","182,509,524","176,306,465","155,699,920","154,742,263","155,056,150","152,913,765","  154,324,931","  156,549,138","200,838,350","217,558,918","208,299,400"
82,SO,ATL,SC,GSP,Greenville Spartanburg International,Greer,P,S,0%,"1,602,967,944","240,117,397","213,414,150","203,367,812","191,294,860","152,218,275","133,654,250","  169,776,120","  165,788,304","158,795,700","158,942,800","151,162,700"
101,WP,PHX,AZ,TUS,Tucson International,Tucson,P,S,0%,"1,596,166,772","154,876,980","159,362,254","159,532,800","149,719,444","150,584,844","162,668,750","  230,262,850","  235,766,450","245,175,900","228,599,300","185,646,500"
97,EA,NYC,NY,ALB,Albany International,Albany,P,S,0%,"1,578,721,404","164,482,420","161,019,840","161,354,640","163,343,600","153,000,360","154,346,844","  181,606,100","  209,544,000","218,035,100","205,630,700","197,507,900"
93,GL,DMA,ND,GFK,Grand Forks International,Grand Forks,P,N,0%,"1,559,197,468","192,368,533","183,102,816","155,123,931","148,249,435","151,673,950","149,840,394","  167,538,652","  174,067,545","190,949,709","194,658,700","193,230,000"
102,SW,AROK,AR,LIT,Bill and Hillary Clinton National/Adams Field,Little Rock,P,S,0%,"1,514,376,235","146,588,078","147,732,797","145,356,765","147,266,052","157,016,475","153,042,733","  204,505,939","  206,811,231","207,710,837","205,148,363","204,514,135"
95,SO,JAN,AL,BHM,Birmingham-Shuttlesworth International,Birmingham,P,S,0%,"1,500,248,801","176,272,280","176,960,365","169,788,685","155,487,030","148,596,240","133,824,660","  186,962,977","  179,558,350","177,470,701","182,797,590","179,051,250"
100,SO,JAN,AL,BFM,Mobile Downtown,Mobile,GA,-,0%,"1,452,375,232","159,755,964","142,489,238","132,215,000","190,516,800","201,270,840","202,088,280","  207,397,440","  206,066,190","190,692,160","113,448,950","119,898,000"
108,SO,ORL,FL,RSW,Southwest Florida International,Fort Myers,P,M,0%,"1,409,891,228","119,577,700","113,325,000","120,074,350","129,706,138","128,811,590","177,046,250","  178,109,800","  223,346,200","242,277,550","204,202,850","174,869,800"
106,EA,WAS,VA,ROA,Roanoke Regional/Woodrum Field,Roanoke,P,N,0%,"1,352,591,060","128,954,840","126,381,575","122,994,640","120,845,840","126,082,685","163,274,320","  191,740,294","  192,342,064","202,675,310","200,074,040","161,307,810"
103,EA,NYC,NY,SWF,Stewart International,Newburgh,P,N,0%,"1,335,958,120","142,854,580","139,565,800","137,270,940","130,083,500","157,059,500","89,256,500","  121,690,300","  125,990,320","156,992,200","188,093,300","194,781,800"
105,GL,DET,MI,LAN,Capital Region International,Clinton (Township of),P,N,0%,"1,215,783,747","129,734,692","129,426,240","137,010,035","119,644,880","116,049,240","118,743,880","  176,909,075","  206,106,570","146,365,660","165,439,060","153,370,060"
114,WP,SFO,CA,FAT,Fresno Yosemite International,Fresno,P,S,0%,"1,203,851,576","104,627,600","106,885,844","99,407,850","105,237,350","118,682,550","100,701,400","  109,531,600","  120,393,500","120,752,882","204,218,700","243,337,400"
112,NM,DEN,CO,COS,City of Colorado Springs Municipal,Colorado Springs,P,S,0%,"1,123,327,732","108,568,776","105,532,208","105,676,778","107,136,390","103,107,880","84,276,000","  108,082,160","  119,287,140","130,974,000","191,409,100","186,646,600"
111,NE,ANE,RI,PVD,Theodore Francis Green State,Warwick,P,M,0%,"1,090,582,080","109,829,000","106,417,000","104,944,500","98,379,260","97,007,920","95,888,000","  148,920,000","  173,948,000","175,799,000","155,171,000","147,146,400"
118,SO,JAN,MS,JAN,Jackson-Medgar Wiley Evers International,Jackson,P,S,0%,"961,338,344","76,147,866","74,998,040","112,644,480","72,166,720","72,088,760","73,296,880","  125,291,880","  137,190,760","136,075,520","162,496,099","181,423,979"
110,WP,HNL,HI,LIH,Lihue,Lihue,P,S,0%,"940,737,720","113,432,400","95,626,200","95,294,600","87,002,300","87,063,900","74,869,500","  96,645,918","  145,830,710","133,230,420","127,682,100","126,536,300"
98,WP,LAX,CA,LGB,Long Beach /Daugherty Field/,Long Beach,P,S,0%,"845,467,004","164,090,566","162,890,736","159,486,856","176,186,680","182,812,166",,,,,,
117,GL,DET,MI,FNT,Bishop International,Flint,P,S,0%,"762,423,304","83,575,526","75,995,628","61,911,000","73,214,150","78,571,800","62,440,000","  103,775,600","  109,804,817","111,233,300","107,451,100","108,030,800"
121,NE,ANE,ME,BGR,Bangor International,Bangor,P,N,0%,"677,231,661","22,768,983","25,030,289","81,756,100","135,480,506","188,029,455","152,685,224","  255,012,872","  129,901,617",,,"71,481,104"
116,WP,HNL,GU,GUM,Guam International,Tamuning,P,S,0%,"540,458,900","87,446,300","84,912,300","89,287,000","61,117,700","27,108,400","33,909,200","  38,308,800","  60,707,800",,,"156,678,000"
115,GL,CHI,IN,SBN,South Bend International,South Bend,P,N,0%,"278,328,877","98,951,022","93,177,200","86,200,655",,,,,,,,
123,SW,TEX,TX,BRO,Brownsville/South Padre Island International,Brownsville,P,N,0%,"132,078,965","17,886,176","14,994,882","18,566,070","19,971,887","14,601,069","9,713,284","  7,929,784","  10,596,304",,,"36,345,597"
119,SO,MEM,TN,CHA,Lovell Field,Chattanooga,P,N,0%,"115,128,166","60,371,307","54,756,859",,,,,,,,,
113,SW,LANM,LA,LFT,Lafayette Regional/Paul Fournet Field,Lafayette,P,N,0%,"107,586,000","107,586,000",0,,,,,,,,,
129,EA,NYC,NY,IAG,Niagara Falls International,Niagara Falls,P,N,0%,"76,709,238","1,819,238",0,,,,,  0,"  57,810,000",,,"74,890,000"
122,NE,ANE,NH,PSM,Portsmouth International at Pease,Portsmouth,P,N,0%,"64,958,038","19,313,869","8,247,636","11,050,312","18,992,900","1,413,000","3,417,444","  2,246,340","  2,054,080",,,"2,522,877"
128,SO,JAN,MS,HKS,Hawkins Field,Jackson,GA,-,0%,"43,089,757","2,233,501","4,886,905","5,549,081","1,894,025","1,512,040","2,753,600","  5,141,460","  19,508,457",,,"24,260,605"
124,WP,LAX,CA,RIV,March ARB,Riverside,R,-,0%,"23,135,000","9,220,000","13,310,000","605,000",0,,,"  280,839,500","  276,783,500",,,
126,SW,LANM,NM,GUP,Gallup Municipal,Gallup,GA,-,0%,"19,158,650","4,734,240","4,804,860","4,787,290","4,832,260",,,,,,,
127,GL,DET,MI,IWD,Gogebic-Iron County,Ironwood,CS,-,0%,"9,196,700","4,469,000","4,727,700",,,,,,,,,
125,WP,SFO,CA,CIC,Chico Municipal,Chico,P,N,0%,"6,476,200","6,476,200",0,,,,,,,,,
130,SW,LANM,NM,TCC,Tucumcari Municipal,Tucumcari,GA,-,0%,"4,616,250","1,419,050",0,"1,772,400","1,424,800",,,,,,,
131,WP,LAX,CA,VNY,Van Nuys,Van Nuys,R,-,0%,"1,081,700","422,000","136,900","47,900","271,700","203,200",0,,,,,
9999,WP,SFO,CA,SCK,Stockton Metropolitan,Stockton,P,N,0%,"332,277",0,"148,300","102,000",0,"81,977",0,"  49,020","  16,900",,,
67,SO,ATL,SC,CHS,Charleston AFB/International,Charleston,P,S,0%,,"331,683,000","261,904,500","258,411,000","294,658,000","356,617,500","402,190,200","  432,080,800","  440,496,800","393,606,000",,
78,NM,SEA,WA,PAE,Snohomish County (Paine Field),Everett,R,-,0%,,"264,430,000","167,888,000",,,,,,,,,
,,,,,Subtotal - 114 qualifying airports,,,,,"1,259,561,930,000","39,200,462,405",,,,,,,,,,
